{"cameraMode":{"drawMode":0,"name":"Shaded","section":"Shading Mode"},"sceneLighting":true,"audioPlay":false,"sceneViewState":{"m_AlwaysRefresh":false,"showFog":true,"showSkybox":true,"showFlares":true,"showImageEffects":true,"showParticleSystems":true,"showVisualEffectGraphs":true,"m_FxEnabled":true},"in2DMode":false,"pivot":{"x":-0.020305126905441285,"y":0.6636807918548584,"z":-1.0094982385635377},"rotation":{"x":0.01830659992992878,"y":-0.01468626968562603,"z":0.00030058500124141574,"w":0.9997699856758118},"size":1.6095798015594483,"orthographic":false}